isbn,book_title,img_l,score,user_id
082530296X,Book of Pot Pourri New and Old Ideas for F,http://images.amazon.com/images/P/082530296X.01.LZZZZZZZ.jpg,0,1
0590415069,"New Friends (Peanut Butter and Jelly, No 1)",http://images.amazon.com/images/P/0590415069.01.LZZZZZZZ.jpg,0,1
0671867156,Pretend You Don't See Her,http://images.amazon.com/images/P/0671867156.01.LZZZZZZZ.jpg,0,1
0440944597,The Chocolate War (Laurel Leaf Books),http://images.amazon.com/images/P/0440944597.01.LZZZZZZZ.jpg,0,1
0786817070,"Artemis Fowl (Artemis Fowl, Book 1)",http://images.amazon.com/images/P/0786817070.01.LZZZZZZZ.jpg,0,1
0373872186,Love Inspired: The Carpenter's Wife,http://images.amazon.com/images/P/0373872186.01.LZZZZZZZ.jpg,4,1
0441790348,Stranger in a Strange Land (Remembering Tomorrow),http://images.amazon.com/images/P/0441790348.01.LZZZZZZZ.jpg,0,1
0140233032,The Naked Consumer: How Our Private Lives Become Public Commodities,http://images.amazon.com/images/P/0140233032.01.LZZZZZZZ.jpg,0,1
0373292309,The Blanchland Secret,http://images.amazon.com/images/P/0373292309.01.LZZZZZZZ.jpg,0,1
0446532231,"Dude, Where's My Country?",http://images.amazon.com/images/P/0446532231.01.LZZZZZZZ.jpg,0,1
0679751521,Midnight in the Garden of Good and Evil,http://images.amazon.com/images/P/0679751521.01.LZZZZZZZ.jpg,0,1
0380733285,Past Reason Hated: An Inspector Banks Mystery,http://images.amazon.com/images/P/0380733285.01.LZZZZZZZ.jpg,0,1
0590568825,"Ghost Camp (Goosebumps, No 45)",http://images.amazon.com/images/P/0590568825.01.LZZZZZZZ.jpg,0,1
1575660628,Twister (Robin Light Mystery),http://images.amazon.com/images/P/1575660628.01.LZZZZZZZ.jpg,0,1
0517163101,The Change-Your-Life Quote Book,http://images.amazon.com/images/P/0517163101.01.LZZZZZZZ.jpg,0,1
0451524233,Tarzan of the Apes (Tarzan),http://images.amazon.com/images/P/0451524233.01.LZZZZZZZ.jpg,0,1
0821727540,Passions Raging Storm,http://images.amazon.com/images/P/0821727540.01.LZZZZZZZ.jpg,0,1
0822203073,The Diary of Anne Frank.,http://images.amazon.com/images/P/0822203073.01.LZZZZZZZ.jpg,5,1
0373289901,"Untamed Heart (Harlequin Historicals, No 390)",http://images.amazon.com/images/P/0373289901.01.LZZZZZZZ.jpg,0,2
0739439707,The Time Quartet,http://images.amazon.com/images/P/0739439707.01.LZZZZZZZ.jpg,0,2
0446602914,The Advocate's Devil,http://images.amazon.com/images/P/0446602914.01.LZZZZZZZ.jpg,0,2
0060392096,Vendetta: Lucky's Revenge,http://images.amazon.com/images/P/0060392096.01.LZZZZZZZ.jpg,0,2
0816738378,Haunted Schools: True Ghost Stories (True Ghost Stories),http://images.amazon.com/images/P/0816738378.01.LZZZZZZZ.jpg,0,2
0449149900,Mr. X,http://images.amazon.com/images/P/0449149900.01.LZZZZZZZ.jpg,4,2
0140067477,The Tao of Pooh,http://images.amazon.com/images/P/0140067477.01.LZZZZZZZ.jpg,0,2
0842355200,Food and Love,http://images.amazon.com/images/P/0842355200.01.LZZZZZZZ.jpg,0,2
0877287171,You Forever,http://images.amazon.com/images/P/0877287171.01.LZZZZZZZ.jpg,0,2
0679419691,Daughters of Song,http://images.amazon.com/images/P/0679419691.01.LZZZZZZZ.jpg,0,2
0696211076,"Decorating 1-2-3: Faux Painting, Wallpapering, Window Treatments, Floors, Molding & Trim, Lighting, Step-By-Step (Home Depot ... 1-2-3)",http://images.amazon.com/images/P/0696211076.01.LZZZZZZZ.jpg,0,2
1886679169,Correctamundo : Prickly Pete's Guide to Desert Facts & Cactifracts,http://images.amazon.com/images/P/1886679169.01.LZZZZZZZ.jpg,2,2
0394837320,The Riddle Book,http://images.amazon.com/images/P/0394837320.01.LZZZZZZZ.jpg,0,2
0515114006,Private Scandals,http://images.amazon.com/images/P/0515114006.01.LZZZZZZZ.jpg,0,2
1558531025,Life's Little Instruction Book (Life's Little Instruction Books (Paperback)),http://images.amazon.com/images/P/1558531025.01.LZZZZZZZ.jpg,0,2
0812548051,"Wizard's First Rule (Sword of Truth, Book 1)",http://images.amazon.com/images/P/0812548051.01.LZZZZZZZ.jpg,0,2
037326223X,Deadly Admirer,http://images.amazon.com/images/P/037326223X.01.LZZZZZZZ.jpg,0,2
0842332286,The Mark: The Beast Rules the World (Left Behind No. 8),http://images.amazon.com/images/P/0842332286.01.LZZZZZZZ.jpg,0,2
0679415629,Playing for Keeps: Michael Jordan and the World That He Made,http://images.amazon.com/images/P/0679415629.01.LZZZZZZZ.jpg,0,3
0553580515,Passage,http://images.amazon.com/images/P/0553580515.01.LZZZZZZZ.jpg,0,3
0440222656,The Horse Whisperer,http://images.amazon.com/images/P/0440222656.01.LZZZZZZZ.jpg,0,3
0671759345,Ruby (Landry),http://images.amazon.com/images/P/0671759345.01.LZZZZZZZ.jpg,0,3
0425182908,Isle of Dogs,http://images.amazon.com/images/P/0425182908.01.LZZZZZZZ.jpg,0,3
0767901592,Eat Me,http://images.amazon.com/images/P/0767901592.01.LZZZZZZZ.jpg,2,3
0375701044,Personal History,http://images.amazon.com/images/P/0375701044.01.LZZZZZZZ.jpg,0,3
0786015020,The Killers Next Door,http://images.amazon.com/images/P/0786015020.01.LZZZZZZZ.jpg,0,3
0553251996,Singin' and Swingin' and Gettin' Merry Like Christmas,http://images.amazon.com/images/P/0553251996.01.LZZZZZZZ.jpg,0,3
0807593664,"The Yellow House Mystery (Boxcar Children Series, No 3)",http://images.amazon.com/images/P/0807593664.01.LZZZZZZZ.jpg,0,3
0345333926,Ringworld,http://images.amazon.com/images/P/0345333926.01.LZZZZZZZ.jpg,0,3
0060518057,Dilbert and the Way of the Weasel,http://images.amazon.com/images/P/0060518057.01.LZZZZZZZ.jpg,0,3
0373832532,Gypsy (The Best of the Best Collector's Edition),http://images.amazon.com/images/P/0373832532.01.LZZZZZZZ.jpg,0,3
0373291515,"Highland Wife (Harlequin Historical Series, No 551)",http://images.amazon.com/images/P/0373291515.01.LZZZZZZZ.jpg,0,3
0849911788,The Oath: A Novel,http://images.amazon.com/images/P/0849911788.01.LZZZZZZZ.jpg,0,3
0345443284,While I Was Gone,http://images.amazon.com/images/P/0345443284.01.LZZZZZZZ.jpg,0,3
0375727132,The Dive From Clausen's Pier : A Novel (Vintage Contemporaries (Paperback)),http://images.amazon.com/images/P/0375727132.01.LZZZZZZZ.jpg,0,3
0849990580,Job: A Man of Heroic Endurance (Great Lives from God's Word),http://images.amazon.com/images/P/0849990580.01.LZZZZZZZ.jpg,2,3
0380800209,Her Man Friday (Avon Light Contemporary Romances),http://images.amazon.com/images/P/0380800209.01.LZZZZZZZ.jpg,0,4
0440173922,The Ring,http://images.amazon.com/images/P/0440173922.01.LZZZZZZZ.jpg,0,4
0743212002,Deck the Halls,http://images.amazon.com/images/P/0743212002.01.LZZZZZZZ.jpg,0,4
0114931224,Queen of Scots,http://images.amazon.com/images/P/0114931224.01.LZZZZZZZ.jpg,0,4
0812531086,Pretender,http://images.amazon.com/images/P/0812531086.01.LZZZZZZZ.jpg,0,4
0451197968,The Running Man,http://images.amazon.com/images/P/0451197968.01.LZZZZZZZ.jpg,5,4
0140622160,Selected Poetry (Penguin Popular Classics),http://images.amazon.com/images/P/0140622160.01.LZZZZZZZ.jpg,0,4
044991173X,"The Hollow Hills (Stewart, Mary, Arthurian Saga, Bk. 2.)",http://images.amazon.com/images/P/044991173X.01.LZZZZZZZ.jpg,0,4
0345350170,The Love Hunter,http://images.amazon.com/images/P/0345350170.01.LZZZZZZZ.jpg,0,4
0671319728,1632 (Assiti Shards (Paperback)),http://images.amazon.com/images/P/0671319728.01.LZZZZZZZ.jpg,0,4
0399143041,Night Passage (Jesse Stone Novels (Hardcover)),http://images.amazon.com/images/P/0399143041.01.LZZZZZZZ.jpg,0,4
0515122734,Sanctuary,http://images.amazon.com/images/P/0515122734.01.LZZZZZZZ.jpg,0,4
0679441557,Ladder of Years,http://images.amazon.com/images/P/0679441557.01.LZZZZZZZ.jpg,0,4
0061015725,Prey,http://images.amazon.com/images/P/0061015725.01.LZZZZZZZ.jpg,0,4
0441007368,Titan A. E.,http://images.amazon.com/images/P/0441007368.01.LZZZZZZZ.jpg,0,4
0590023101,Old Yeller,http://images.amazon.com/images/P/0590023101.01.LZZZZZZZ.jpg,0,4
006109868X,Pigs in Heaven,http://images.amazon.com/images/P/006109868X.01.LZZZZZZZ.jpg,0,4
0140112049,Stones,http://images.amazon.com/images/P/0140112049.01.LZZZZZZZ.jpg,0,4
0446516538,Slow Waltz in Cedar Bend,http://images.amazon.com/images/P/0446516538.01.LZZZZZZZ.jpg,0,5
0868246786,Zigzag Street ;,http://images.amazon.com/images/P/0868246786.01.LZZZZZZZ.jpg,0,5
1885223064,The Woman's Book of Creativity (The Business of Life),http://images.amazon.com/images/P/1885223064.01.LZZZZZZZ.jpg,0,5
0446519782,Exclusive,http://images.amazon.com/images/P/0446519782.01.LZZZZZZZ.jpg,0,5
0743418204,In Her Shoes : A Novel,http://images.amazon.com/images/P/0743418204.01.LZZZZZZZ.jpg,0,5
0385504209,The Da Vinci Code,http://images.amazon.com/images/P/0385504209.01.LZZZZZZZ.jpg,0,5
0330484753,The Imperial War Museum Book of the Western Front (Pan Grand Strategy Series),http://images.amazon.com/images/P/0330484753.01.LZZZZZZZ.jpg,0,5
0440216877,Promises,http://images.amazon.com/images/P/0440216877.01.LZZZZZZZ.jpg,0,5
0805021078,Real Ponies Don't Go Oink,http://images.amazon.com/images/P/0805021078.01.LZZZZZZZ.jpg,0,5
0061032042,Rebecca's Tale,http://images.amazon.com/images/P/0061032042.01.LZZZZZZZ.jpg,0,5
0394543971,The Icarus Agenda,http://images.amazon.com/images/P/0394543971.01.LZZZZZZZ.jpg,4,5
0316037397,The Cat and the Curmudgeon,http://images.amazon.com/images/P/0316037397.01.LZZZZZZZ.jpg,0,5
0671035460,Pale Horse Coming,http://images.amazon.com/images/P/0671035460.01.LZZZZZZZ.jpg,0,5
0553273914,The House of the Spirits,http://images.amazon.com/images/P/0553273914.01.LZZZZZZZ.jpg,0,5
0446360872,The Fifth Profession,http://images.amazon.com/images/P/0446360872.01.LZZZZZZZ.jpg,0,5
0140131604,Leaving Home,http://images.amazon.com/images/P/0140131604.01.LZZZZZZZ.jpg,0,5
044651652X,The Bridges of Madison County,http://images.amazon.com/images/P/044651652X.01.LZZZZZZZ.jpg,0,5
0812966880,April Witch,http://images.amazon.com/images/P/0812966880.01.LZZZZZZZ.jpg,4,5
0971880107,Wild Animus,http://images.amazon.com/images/P/0971880107.01.LZZZZZZZ.jpg,0,6
0373223994,"Christmas Kiss (Eyewitness) (Harlequin Intrigue, No 399)",http://images.amazon.com/images/P/0373223994.01.LZZZZZZZ.jpg,0,6
0425179648,Marrying the Mistress,http://images.amazon.com/images/P/0425179648.01.LZZZZZZZ.jpg,0,6
0312288352,The Tea Rose: A Novel,http://images.amazon.com/images/P/0312288352.01.LZZZZZZZ.jpg,0,6
0743217101,A Time Gone By : A Novel,http://images.amazon.com/images/P/0743217101.01.LZZZZZZZ.jpg,0,6
0743237188,Fall On Your Knees (Oprah #45),http://images.amazon.com/images/P/0743237188.01.LZZZZZZZ.jpg,0,6
0446527548,Redemption,http://images.amazon.com/images/P/0446527548.01.LZZZZZZZ.jpg,0,6
0380974061,Breach of Duty: A J.P. Beaumont Mystery,http://images.amazon.com/images/P/0380974061.01.LZZZZZZZ.jpg,0,6
0553571907,Mischief,http://images.amazon.com/images/P/0553571907.01.LZZZZZZZ.jpg,0,6
1551666189,Manhunting (Mira),http://images.amazon.com/images/P/1551666189.01.LZZZZZZZ.jpg,0,6
0345438310,Nicholas and Alexandra,http://images.amazon.com/images/P/0345438310.01.LZZZZZZZ.jpg,0,6
0373484518,Midnight Clear (3 Novels in 1),http://images.amazon.com/images/P/0373484518.01.LZZZZZZZ.jpg,0,6
0843948795,McAllister's Crossing,http://images.amazon.com/images/P/0843948795.01.LZZZZZZZ.jpg,0,6
0140390715,The Pathfinder (Penguin Classic),http://images.amazon.com/images/P/0140390715.01.LZZZZZZZ.jpg,0,6
0486280578,Chicago Poems (Dover Thrift Editions),http://images.amazon.com/images/P/0486280578.01.LZZZZZZZ.jpg,0,6
0440237416,Warning Signs,http://images.amazon.com/images/P/0440237416.01.LZZZZZZZ.jpg,0,6
0812541642,Waiting,http://images.amazon.com/images/P/0812541642.01.LZZZZZZZ.jpg,3,6
0671534823,The Black Diamond (Black Diamond),http://images.amazon.com/images/P/0671534823.01.LZZZZZZZ.jpg,4,6
0425127923,Sleeping With the Enemy,http://images.amazon.com/images/P/0425127923.01.LZZZZZZZ.jpg,0,7
0140195831,If the Buddha Dated: A Handbook for Finding Love on a Spiritual Path,http://images.amazon.com/images/P/0140195831.01.LZZZZZZZ.jpg,0,7
0373272324,"Cowboy Under Cover (Silhouette Intimate Moments, No. 1162)",http://images.amazon.com/images/P/0373272324.01.LZZZZZZZ.jpg,0,7
0671002570,Klingon: Star Trek,http://images.amazon.com/images/P/0671002570.01.LZZZZZZZ.jpg,0,7
1558747109,"Chicken Soup for the Cat and Dog Lover's Soul - Celebrating Pets as Family with Stories About Cats, Dogs and Other Critters",http://images.amazon.com/images/P/1558747109.01.LZZZZZZZ.jpg,0,7
0451184963,Insomnia,http://images.amazon.com/images/P/0451184963.01.LZZZZZZZ.jpg,0,7
0689807511,The Wild Kid,http://images.amazon.com/images/P/0689807511.01.LZZZZZZZ.jpg,0,7
0671721623,"Fortress of Frost and Fire (The Bard's Tale, Book 2)",http://images.amazon.com/images/P/0671721623.01.LZZZZZZZ.jpg,0,7
0451192222,Witness for the Defense,http://images.amazon.com/images/P/0451192222.01.LZZZZZZZ.jpg,0,7
0439120470,Search for the Star (Unicorns of Balinor),http://images.amazon.com/images/P/0439120470.01.LZZZZZZZ.jpg,0,7
0393975096,Norton Anthology of Short Fiction: Sixth Shorter Edition,http://images.amazon.com/images/P/0393975096.01.LZZZZZZZ.jpg,0,7
0373112785,"Wish On The Moon (Harlequin Presents, No 1278)",http://images.amazon.com/images/P/0373112785.01.LZZZZZZZ.jpg,0,7
0684822776,The Riders,http://images.amazon.com/images/P/0684822776.01.LZZZZZZZ.jpg,0,7
0743437640,The Mulberry Tree,http://images.amazon.com/images/P/0743437640.01.LZZZZZZZ.jpg,0,7
0425191583,Imitation in Death (Eve Dallas Mysteries (Paperback)),http://images.amazon.com/images/P/0425191583.01.LZZZZZZZ.jpg,0,7
0425157547,Drink With the Devil,http://images.amazon.com/images/P/0425157547.01.LZZZZZZZ.jpg,0,7
0751510114,Gridlock,http://images.amazon.com/images/P/0751510114.01.LZZZZZZZ.jpg,5,7
0156904365,Till We Have Faces: A Myth Retold,http://images.amazon.com/images/P/0156904365.01.LZZZZZZZ.jpg,4,7
0448089025,The House on the Cliff  (The Hardy Boys Mystery Stories 2),http://images.amazon.com/images/P/0448089025.01.LZZZZZZZ.jpg,0,8
1556113358,Colin Powell: Soldier/Statesman Statesman/Soldier,http://images.amazon.com/images/P/1556113358.01.LZZZZZZZ.jpg,0,8
0446608262,The Lion's Game,http://images.amazon.com/images/P/0446608262.01.LZZZZZZZ.jpg,0,8
0446603902,Ice,http://images.amazon.com/images/P/0446603902.01.LZZZZZZZ.jpg,0,8
0312265859,Hard Eight : A Stephanie Plum Novel (A Stephanie Plum Novel),http://images.amazon.com/images/P/0312265859.01.LZZZZZZZ.jpg,0,8
0380731851,Mystic River,http://images.amazon.com/images/P/0380731851.01.LZZZZZZZ.jpg,4,8
1569247277,Hildegard of Bingen: Inspired Conscience of the Twelfth Century,http://images.amazon.com/images/P/1569247277.01.LZZZZZZZ.jpg,0,8
0345380258,Poseidon's Gold: A Marcus Didius Falco Mystery,http://images.amazon.com/images/P/0345380258.01.LZZZZZZZ.jpg,0,8
1565922093,"Electronic Publishing on CD-ROM : Authoring, Development, and Distribution",http://images.amazon.com/images/P/1565922093.01.LZZZZZZZ.jpg,0,8
186205102X,Bizarre Books,http://images.amazon.com/images/P/186205102X.01.LZZZZZZZ.jpg,0,8
0345340892,Wishcraft : How to Get What You Really Want,http://images.amazon.com/images/P/0345340892.01.LZZZZZZZ.jpg,0,8
0393305376,Urchin in the Storm: Essays About Books and Ideas,http://images.amazon.com/images/P/0393305376.01.LZZZZZZZ.jpg,0,8
0064440044,Little Bear (An I Can Read Book),http://images.amazon.com/images/P/0064440044.01.LZZZZZZZ.jpg,0,8
0380790890,Well Pleasured Lady,http://images.amazon.com/images/P/0380790890.01.LZZZZZZZ.jpg,0,8
0761115706,How to Keep Your Teenager Out of Trouble and What to Do If You Can't,http://images.amazon.com/images/P/0761115706.01.LZZZZZZZ.jpg,0,8
0671028367,Deadly Decisions,http://images.amazon.com/images/P/0671028367.01.LZZZZZZZ.jpg,0,8
0553214497,Jo's Boys,http://images.amazon.com/images/P/0553214497.01.LZZZZZZZ.jpg,0,8
0441167306,Dream Park,http://images.amazon.com/images/P/0441167306.01.LZZZZZZZ.jpg,0,8
0764111574,Barron's How to Prepare for the Ap United States History Advanced Placement Examination (Barron's How to Prepare for the Ap United States History  Advanced Placement Examination),http://images.amazon.com/images/P/0764111574.01.LZZZZZZZ.jpg,0,9
0886877806,The World Almanac and Book of Facts 1996 (World Almanac & Book of Facts (Paperback)),http://images.amazon.com/images/P/0886877806.01.LZZZZZZZ.jpg,0,9
0316168165,"Speed (Smallville Series for Young Adults, No. 5)",http://images.amazon.com/images/P/0316168165.01.LZZZZZZZ.jpg,0,9
0449212602,The Handmaid's Tale,http://images.amazon.com/images/P/0449212602.01.LZZZZZZZ.jpg,0,9
0822218143,Edward Albee's the Play About the Baby,http://images.amazon.com/images/P/0822218143.01.LZZZZZZZ.jpg,0,9
015602943X,The Time Traveler's Wife (Harvest Book),http://images.amazon.com/images/P/015602943X.01.LZZZZZZZ.jpg,4,9
1579120458,2002 Days & Nights of Sex,http://images.amazon.com/images/P/1579120458.01.LZZZZZZZ.jpg,0,9
0595239552,Bentridge Magic,http://images.amazon.com/images/P/0595239552.01.LZZZZZZZ.jpg,0,9
0684869489,The Gardens of Kyoto : A Novel,http://images.amazon.com/images/P/0684869489.01.LZZZZZZZ.jpg,0,9
0446600830,Tainted Evidence,http://images.amazon.com/images/P/0446600830.01.LZZZZZZZ.jpg,0,9
0553573616,My Point...And I Do Have One,http://images.amazon.com/images/P/0553573616.01.LZZZZZZZ.jpg,0,9
0340696079,Echoes of War,http://images.amazon.com/images/P/0340696079.01.LZZZZZZZ.jpg,0,9
0385336314,Dating Game,http://images.amazon.com/images/P/0385336314.01.LZZZZZZZ.jpg,0,9
0679426159,Standing in the Rainbow : A Novel,http://images.amazon.com/images/P/0679426159.01.LZZZZZZZ.jpg,0,9
0786889624,The Hearse You Came in On (Hitchcock Sewell Mysteries (Paperback)),http://images.amazon.com/images/P/0786889624.01.LZZZZZZZ.jpg,0,9
1862074577,The Kick,http://images.amazon.com/images/P/1862074577.01.LZZZZZZZ.jpg,0,9
0743436830,"River Road (Ross, Joann. Callahan Brothers Trilogy, 2.)",http://images.amazon.com/images/P/0743436830.01.LZZZZZZZ.jpg,0,9
042518630X,Purity in Death,http://images.amazon.com/images/P/042518630X.01.LZZZZZZZ.jpg,0,9
1583224890,9-11,http://images.amazon.com/images/P/1583224890.01.LZZZZZZZ.jpg,0,10
0064405788,Wringer (Trophy Newbery),http://images.amazon.com/images/P/0064405788.01.LZZZZZZZ.jpg,0,10
0380792648,Subterranean,http://images.amazon.com/images/P/0380792648.01.LZZZZZZZ.jpg,0,10
0439070341,"The Prophecy (Animorphs, 34)",http://images.amazon.com/images/P/0439070341.01.LZZZZZZZ.jpg,0,10
1558506977,"The Everything Christmas Book: Stories, Songs, Food, Traditions, Revelry, and More",http://images.amazon.com/images/P/1558506977.01.LZZZZZZZ.jpg,5,10
0688000517,Blackberry Winter: My Earlier Years,http://images.amazon.com/images/P/0688000517.01.LZZZZZZZ.jpg,0,10
0722522606,Aromatherapy for Women How to Use Essent,http://images.amazon.com/images/P/0722522606.01.LZZZZZZZ.jpg,0,10
0876120796,Autobiography of a Yogi,http://images.amazon.com/images/P/0876120796.01.LZZZZZZZ.jpg,0,10
0373259603,"Moonstruck In Manhattan (Single In The City) (Harlequin Temptation, No. 860)",http://images.amazon.com/images/P/0373259603.01.LZZZZZZZ.jpg,0,10
0061098795,The Wailing Wind,http://images.amazon.com/images/P/0061098795.01.LZZZZZZZ.jpg,0,10
0717283208,Prince and the Pauper Walt Disney,http://images.amazon.com/images/P/0717283208.01.LZZZZZZZ.jpg,0,10
0894807692,What to Expect When You're Expecting,http://images.amazon.com/images/P/0894807692.01.LZZZZZZZ.jpg,0,10
0837850681,The Story of Jonah (An Alice in Bibleland Storybook),http://images.amazon.com/images/P/0837850681.01.LZZZZZZZ.jpg,0,10
0505524996,Contact,http://images.amazon.com/images/P/0505524996.01.LZZZZZZZ.jpg,0,10
0399143718,Blind Descent (Anna Pigeon Mysteries (Hardcover)),http://images.amazon.com/images/P/0399143718.01.LZZZZZZZ.jpg,0,10
0385121229,Plagues and Peoples,http://images.amazon.com/images/P/0385121229.01.LZZZZZZZ.jpg,0,10
0373164386,"Father Knows Best (Harlequin American Romance, No. 438)",http://images.amazon.com/images/P/0373164386.01.LZZZZZZZ.jpg,0,10
0451524934,1984,http://images.amazon.com/images/P/0451524934.01.LZZZZZZZ.jpg,0,10
0671899333,The Sweeter the Juice: A Family Memoir in Black and White,http://images.amazon.com/images/P/0671899333.01.LZZZZZZZ.jpg,0,11
0380731320,"Glennis, Before and After (An Avon Camelot Book)",http://images.amazon.com/images/P/0380731320.01.LZZZZZZZ.jpg,0,11
0887291031,Diccionario espaÃ±ol/inglÃ©s  inglÃ©s/espaÃ±ol: Langenscheidt's Pocket Dictionary,http://images.amazon.com/images/P/0887291031.01.LZZZZZZZ.jpg,0,11
038550926X,The Devil Wears Prada : A Novel,http://images.amazon.com/images/P/038550926X.01.LZZZZZZZ.jpg,0,11
0786911891,The Temptation of Elminster (Forgotten Realms),http://images.amazon.com/images/P/0786911891.01.LZZZZZZZ.jpg,0,11
0373834098,"Harlequin 50th Anniversary Collection #1 (Harlequin 50th Anniversary Collection, No 1)",http://images.amazon.com/images/P/0373834098.01.LZZZZZZZ.jpg,0,11
1853262579,Dombey and Son,http://images.amazon.com/images/P/1853262579.01.LZZZZZZZ.jpg,0,11
0590712829,The Seventh Princess,http://images.amazon.com/images/P/0590712829.01.LZZZZZZZ.jpg,0,11
0345302354,The Crucible of Time,http://images.amazon.com/images/P/0345302354.01.LZZZZZZZ.jpg,0,11
0385721358,Look at Me,http://images.amazon.com/images/P/0385721358.01.LZZZZZZZ.jpg,0,11
0345428064,Remote Control,http://images.amazon.com/images/P/0345428064.01.LZZZZZZZ.jpg,0,11
0689714874,Stormy : Mistys Foal,http://images.amazon.com/images/P/0689714874.01.LZZZZZZZ.jpg,4,11
0743428587,Twisted Roots,http://images.amazon.com/images/P/0743428587.01.LZZZZZZZ.jpg,0,11
0684163837,First strike,http://images.amazon.com/images/P/0684163837.01.LZZZZZZZ.jpg,0,11
0452279615,"The Drawing of the Three (The Dark Tower, Book 2)",http://images.amazon.com/images/P/0452279615.01.LZZZZZZZ.jpg,0,11
0440204887,Illusions: The Adventures of a Reluctant Messiah,http://images.amazon.com/images/P/0440204887.01.LZZZZZZZ.jpg,0,11
0140236686,Vindication,http://images.amazon.com/images/P/0140236686.01.LZZZZZZZ.jpg,0,11
1853260002,Pride & Prejudice (Wordsworth Classics),http://images.amazon.com/images/P/1853260002.01.LZZZZZZZ.jpg,4,11
0345386825,A Calculated Risk,http://images.amazon.com/images/P/0345386825.01.LZZZZZZZ.jpg,0,12
0425163407,Unnatural Exposure,http://images.amazon.com/images/P/0425163407.01.LZZZZZZZ.jpg,0,12
0684868865,Boone'S Lick,http://images.amazon.com/images/P/0684868865.01.LZZZZZZZ.jpg,0,12
0449207269,Ride a Pale Horse,http://images.amazon.com/images/P/0449207269.01.LZZZZZZZ.jpg,0,12
034536676X,The World According to Garp,http://images.amazon.com/images/P/034536676X.01.LZZZZZZZ.jpg,0,12
080506821X,My Sisters' Voices: Teenage Girls of Color Speak Out,http://images.amazon.com/images/P/080506821X.01.LZZZZZZZ.jpg,4,12
0743437802,The Stone Monkey (Lincoln Rhyme Novels (Paperback)),http://images.amazon.com/images/P/0743437802.01.LZZZZZZZ.jpg,0,12
0345387554,The Horse You Came In On,http://images.amazon.com/images/P/0345387554.01.LZZZZZZZ.jpg,0,12
0553575953,Floaters,http://images.amazon.com/images/P/0553575953.01.LZZZZZZZ.jpg,0,12
0515132284,Dearest Beloved (Love Letters),http://images.amazon.com/images/P/0515132284.01.LZZZZZZZ.jpg,0,12
0425163717,Holiday in Death,http://images.amazon.com/images/P/0425163717.01.LZZZZZZZ.jpg,0,12
0062502182,The Alchemist: A Fable About Following Your Dream,http://images.amazon.com/images/P/0062502182.01.LZZZZZZZ.jpg,0,12
0553292722,Still Waters,http://images.amazon.com/images/P/0553292722.01.LZZZZZZZ.jpg,0,12
1562470043,"Meet Felicity: An American Girl : 1774 (The American Girls Collection, Book 1)",http://images.amazon.com/images/P/1562470043.01.LZZZZZZZ.jpg,0,12
0060176083,"Red, White and Blue",http://images.amazon.com/images/P/0060176083.01.LZZZZZZZ.jpg,0,12
074341120X,Silicon Follies,http://images.amazon.com/images/P/074341120X.01.LZZZZZZZ.jpg,0,12
0395440904,The Boy of the Three-Year Nap,http://images.amazon.com/images/P/0395440904.01.LZZZZZZZ.jpg,0,12
0345418263,The Princess Bride: S. Morgenstern's Classic Tale of True Love and High Adventure (Ballantine Reader's Circle),http://images.amazon.com/images/P/0345418263.01.LZZZZZZZ.jpg,5,12
0066211484,Another Planet: A Year in the Life of a Suburban High School,http://images.amazon.com/images/P/0066211484.01.LZZZZZZZ.jpg,0,13
0060295198,Shooter,http://images.amazon.com/images/P/0060295198.01.LZZZZZZZ.jpg,0,13
0786809280,Tales from the Odyssey: The One-Eyed Giant - Book #1 (Tales from the Odyssey),http://images.amazon.com/images/P/0786809280.01.LZZZZZZZ.jpg,0,13
0786860405,"The Secret Life of Laszlo, Count Dracula",http://images.amazon.com/images/P/0786860405.01.LZZZZZZZ.jpg,0,13
0380718758,"Snow White, Blood Red",http://images.amazon.com/images/P/0380718758.01.LZZZZZZZ.jpg,0,13
0671702513,The Prize,http://images.amazon.com/images/P/0671702513.01.LZZZZZZZ.jpg,4,13
0425130738,Tempting Fate,http://images.amazon.com/images/P/0425130738.01.LZZZZZZZ.jpg,0,13
0373122527,"The Sheikh's Wife (Surrender To The Sheikh) (Presents, 2252)",http://images.amazon.com/images/P/0373122527.01.LZZZZZZZ.jpg,0,13
0425153975,The Eyes of Darkness,http://images.amazon.com/images/P/0425153975.01.LZZZZZZZ.jpg,0,13
0070064547,Motherhood: The Second Oldest Profession,http://images.amazon.com/images/P/0070064547.01.LZZZZZZZ.jpg,0,13
044023722X,A Painted House,http://images.amazon.com/images/P/044023722X.01.LZZZZZZZ.jpg,0,13
052341787X,The Sword and the Sorcerer: A Novel,http://images.amazon.com/images/P/052341787X.01.LZZZZZZZ.jpg,0,13
0743453964,Executive Power,http://images.amazon.com/images/P/0743453964.01.LZZZZZZZ.jpg,0,13
0060179228,Imajica,http://images.amazon.com/images/P/0060179228.01.LZZZZZZZ.jpg,0,13
0689803931,Misty's Twilight,http://images.amazon.com/images/P/0689803931.01.LZZZZZZZ.jpg,0,13
0670844543,The Forest House,http://images.amazon.com/images/P/0670844543.01.LZZZZZZZ.jpg,0,13
0671524313,The Girlfriends' Guide to Pregnancy,http://images.amazon.com/images/P/0671524313.01.LZZZZZZZ.jpg,0,13
0515133302,Hemlock Bay,http://images.amazon.com/images/P/0515133302.01.LZZZZZZZ.jpg,5,13
0385506651,A Charmed Life: The Spirituality of Potterworld,http://images.amazon.com/images/P/0385506651.01.LZZZZZZZ.jpg,0,14
0380778556,Rebecca,http://images.amazon.com/images/P/0380778556.01.LZZZZZZZ.jpg,0,14
0523422598,V: East Coast Crisis,http://images.amazon.com/images/P/0523422598.01.LZZZZZZZ.jpg,0,14
0380776162,Lord of Scoundrels,http://images.amazon.com/images/P/0380776162.01.LZZZZZZZ.jpg,0,14
037303122X,"Romantic Notions (Harlequin Romance, No 3122)",http://images.amazon.com/images/P/037303122X.01.LZZZZZZZ.jpg,0,14
0449204553,A Walk Across America,http://images.amazon.com/images/P/0449204553.01.LZZZZZZZ.jpg,0,14
0373834349,Mail-Order Marriages (Harlequin Promo),http://images.amazon.com/images/P/0373834349.01.LZZZZZZZ.jpg,0,14
0679742298,The Talented Mr. Ripley (Vintage Crime/Black Lizard),http://images.amazon.com/images/P/0679742298.01.LZZZZZZZ.jpg,0,14
0451159276,It (R),http://images.amazon.com/images/P/0451159276.01.LZZZZZZZ.jpg,0,14
0671612689,Weave World,http://images.amazon.com/images/P/0671612689.01.LZZZZZZZ.jpg,0,14
0590472984,Pirates Don't Wear Pink Sunglasses (Adventures of the Bailey School Kids (Paperback)),http://images.amazon.com/images/P/0590472984.01.LZZZZZZZ.jpg,0,14
0380778556,Rebecca,http://images.amazon.com/images/P/0380778556.01.LZZZZZZZ.jpg,4,14
0688177859,"Ahab's Wife: Or, The Star-Gazer: A Novel",http://images.amazon.com/images/P/0688177859.01.LZZZZZZZ.jpg,0,14
0345306929,Silmarillion,http://images.amazon.com/images/P/0345306929.01.LZZZZZZZ.jpg,0,14
0816702993,Ancient Rome,http://images.amazon.com/images/P/0816702993.01.LZZZZZZZ.jpg,0,14
0061010103,Be Buried in the Rain,http://images.amazon.com/images/P/0061010103.01.LZZZZZZZ.jpg,0,14
0142000205,Icy Sparks,http://images.amazon.com/images/P/0142000205.01.LZZZZZZZ.jpg,0,14
0060188731,Bel Canto,http://images.amazon.com/images/P/0060188731.01.LZZZZZZZ.jpg,5,14
0679442588,All Over but the Shoutin',http://images.amazon.com/images/P/0679442588.01.LZZZZZZZ.jpg,0,15
0345335457,"Magician's Gambit (The Belgariad, Book 3)",http://images.amazon.com/images/P/0345335457.01.LZZZZZZZ.jpg,0,15
0515121959,Extreme Instinct,http://images.amazon.com/images/P/0515121959.01.LZZZZZZZ.jpg,0,15
0553106341,Dust to Dust,http://images.amazon.com/images/P/0553106341.01.LZZZZZZZ.jpg,0,15
0440482534,Starring Sally J. Freedman as Herself (Yearling Book),http://images.amazon.com/images/P/0440482534.01.LZZZZZZZ.jpg,0,15
0345298985,"One Tree (Donaldson, Stephen R. Second Chronicles of Thomas Covenant, Bk. 2.)",http://images.amazon.com/images/P/0345298985.01.LZZZZZZZ.jpg,4,15
0718143728,"\Blackadder\""""",http://images.amazon.com/images/P/0718143728.01.LZZZZZZZ.jpg,0,15
0802733735,Silence Is Golden: A Hilda Johansson Mystery (Hilda Johansson Mysteries (Hardcover)),http://images.amazon.com/images/P/0802733735.01.LZZZZZZZ.jpg,0,15
091336794X,The Useful Proverbs,http://images.amazon.com/images/P/091336794X.01.LZZZZZZZ.jpg,0,15
0671003119,SHINY WATER,http://images.amazon.com/images/P/0671003119.01.LZZZZZZZ.jpg,0,15
0671670646,Gates of Paradise,http://images.amazon.com/images/P/0671670646.01.LZZZZZZZ.jpg,0,15
067003133X,The Bounty: The True Story of the Mutiny on the Bounty,http://images.amazon.com/images/P/067003133X.01.LZZZZZZZ.jpg,0,15
0385420161,"Like Water for Chocolate: A Novel in Monthly Installments, With Recipes, Romances, and Home Remedies",http://images.amazon.com/images/P/0385420161.01.LZZZZZZZ.jpg,0,15
0380788624,Cryptonomicon,http://images.amazon.com/images/P/0380788624.01.LZZZZZZZ.jpg,0,15
0553566598,Jessica's Secret Diary (Sweet Valley High Diaries),http://images.amazon.com/images/P/0553566598.01.LZZZZZZZ.jpg,0,15
0380729865,Father Melancholy's Daughter,http://images.amazon.com/images/P/0380729865.01.LZZZZZZZ.jpg,0,15
0060177349,Star Trek Memories,http://images.amazon.com/images/P/0060177349.01.LZZZZZZZ.jpg,0,15
0451525264,Les Miserables a New Unabridged Translation (Signet Classics),http://images.amazon.com/images/P/0451525264.01.LZZZZZZZ.jpg,5,15
0849910994,When God Whispers Your Name,http://images.amazon.com/images/P/0849910994.01.LZZZZZZZ.jpg,0,16
0671723456,The American Horticultural Society Flower Finder,http://images.amazon.com/images/P/0671723456.01.LZZZZZZZ.jpg,0,16
0590447106,Sally's Room,http://images.amazon.com/images/P/0590447106.01.LZZZZZZZ.jpg,0,16
067976402X,Snow Falling on Cedars,http://images.amazon.com/images/P/067976402X.01.LZZZZZZZ.jpg,0,16
0152567089,The Napping House,http://images.amazon.com/images/P/0152567089.01.LZZZZZZZ.jpg,0,16
080662261X,Confidence: How to succeed at being yourself,http://images.amazon.com/images/P/080662261X.01.LZZZZZZZ.jpg,4,16
0440218934,Morning Is a Long Time Coming,http://images.amazon.com/images/P/0440218934.01.LZZZZZZZ.jpg,0,16
1930652348,"Orphan of the City Shaft (The Incal, Book 1)",http://images.amazon.com/images/P/1930652348.01.LZZZZZZZ.jpg,0,16
0812565681,The Count of Monte Cristo,http://images.amazon.com/images/P/0812565681.01.LZZZZZZZ.jpg,0,16
0590660543,Northern Lights (His Dark Materials S.),http://images.amazon.com/images/P/0590660543.01.LZZZZZZZ.jpg,0,16
0670841838,Listening to Prozac/a Psychiatrist Explores Antidepressant Drugs and the Remaking of the Self,http://images.amazon.com/images/P/0670841838.01.LZZZZZZZ.jpg,0,16
0446604844,Total Control,http://images.amazon.com/images/P/0446604844.01.LZZZZZZZ.jpg,0,16
0446603104,Seduction by Design,http://images.amazon.com/images/P/0446603104.01.LZZZZZZZ.jpg,0,16
038550084X,Fraud,http://images.amazon.com/images/P/038550084X.01.LZZZZZZZ.jpg,0,16
0671737724,Wanton Angel,http://images.amazon.com/images/P/0671737724.01.LZZZZZZZ.jpg,0,16
0385318367,"Never Fear, Never Quit: A Story of Courage and Perseverance",http://images.amazon.com/images/P/0385318367.01.LZZZZZZZ.jpg,0,16
0330332775,Bridget Jones's Diary,http://images.amazon.com/images/P/0330332775.01.LZZZZZZZ.jpg,0,16
0373218400,Table For Two,http://images.amazon.com/images/P/0373218400.01.LZZZZZZZ.jpg,5,16
0061094595,Calder Pride,http://images.amazon.com/images/P/0061094595.01.LZZZZZZZ.jpg,0,17
0451185501,Bone Deep,http://images.amazon.com/images/P/0451185501.01.LZZZZZZZ.jpg,0,17
057507390X,Altered Carbon (Gollancz SF S.),http://images.amazon.com/images/P/057507390X.01.LZZZZZZZ.jpg,0,17
0553569155,Seinlanguage,http://images.amazon.com/images/P/0553569155.01.LZZZZZZZ.jpg,0,17
0440201071,Grace: The Secret Lives of a Princess,http://images.amazon.com/images/P/0440201071.01.LZZZZZZZ.jpg,0,17
0515134384,The Cat Who Went Up the Creek,http://images.amazon.com/images/P/0515134384.01.LZZZZZZZ.jpg,4,17
0877017883,Griffin & Sabine: An Extraordinary Correspondence,http://images.amazon.com/images/P/0877017883.01.LZZZZZZZ.jpg,0,17
0380018179,The Thorn Birds,http://images.amazon.com/images/P/0380018179.01.LZZZZZZZ.jpg,0,17
0064400859,Dragonwings : Golden Mountain Chronicles: 1903 (Golden Mountain Chronicles),http://images.amazon.com/images/P/0064400859.01.LZZZZZZZ.jpg,0,17
007881653X,Unix System V Release 4: The Complete Reference,http://images.amazon.com/images/P/007881653X.01.LZZZZZZZ.jpg,0,17
0199109052,The Diary of a Teenage Health Freak,http://images.amazon.com/images/P/0199109052.01.LZZZZZZZ.jpg,0,17
0425062902,And Then There'll Be Fireworks: Book Three of the Ozark Fantasy Trilogy,http://images.amazon.com/images/P/0425062902.01.LZZZZZZZ.jpg,0,17
006092179X,Shakkai: Women of the Sacred Garden,http://images.amazon.com/images/P/006092179X.01.LZZZZZZZ.jpg,0,17
1555611435,Your Pregnancy: Week by Week (Your Pregnancy Series),http://images.amazon.com/images/P/1555611435.01.LZZZZZZZ.jpg,0,17
0679425241,Dark Rivers of the Heart: A Novel,http://images.amazon.com/images/P/0679425241.01.LZZZZZZZ.jpg,0,17
0440019869,Dorothea,http://images.amazon.com/images/P/0440019869.01.LZZZZZZZ.jpg,0,17
0312890532,"Temple of the Winds (Sword of Truth, Book 4)",http://images.amazon.com/images/P/0312890532.01.LZZZZZZZ.jpg,0,17
0061059889,Cat To The Dogs: A Joe Grey Mystery,http://images.amazon.com/images/P/0061059889.01.LZZZZZZZ.jpg,4,17
0060507403,The Cheese Monkeys : A Novel in Two Semesters,http://images.amazon.com/images/P/0060507403.01.LZZZZZZZ.jpg,0,18
0767903579,Falling Leaves: The True Story of an Unwanted Chinese Daughter,http://images.amazon.com/images/P/0767903579.01.LZZZZZZZ.jpg,0,18
0345349393,Dragonsbane,http://images.amazon.com/images/P/0345349393.01.LZZZZZZZ.jpg,0,18
0385489854,The Lily Theater: A Novel of Modern China,http://images.amazon.com/images/P/0385489854.01.LZZZZZZZ.jpg,0,18
0891453369,The Wonder of Barbie: Dolls and Accessories 1976-1986,http://images.amazon.com/images/P/0891453369.01.LZZZZZZZ.jpg,4,18
0380018179,The Thorn Birds,http://images.amazon.com/images/P/0380018179.01.LZZZZZZZ.jpg,0,18
0553578308,Tough Cookie,http://images.amazon.com/images/P/0553578308.01.LZZZZZZZ.jpg,0,18
0061054771,"Squire's Honor (Squire Trilogy, No 3)",http://images.amazon.com/images/P/0061054771.01.LZZZZZZZ.jpg,0,18
0425190838,Track of the Cat,http://images.amazon.com/images/P/0425190838.01.LZZZZZZZ.jpg,0,18
1583224890,9-11,http://images.amazon.com/images/P/1583224890.01.LZZZZZZZ.jpg,0,18
0553213105,Pride and Prejudice,http://images.amazon.com/images/P/0553213105.01.LZZZZZZZ.jpg,0,18
0671880314,Schindler's List,http://images.amazon.com/images/P/0671880314.01.LZZZZZZZ.jpg,0,18
0821718045,Texas Storm,http://images.amazon.com/images/P/0821718045.01.LZZZZZZZ.jpg,0,18
0451185218,Murder Can Wreck Your Reunion: A Desiree Shapiro Mystery (Desiree Shapiro Mysteries (Paperback)),http://images.amazon.com/images/P/0451185218.01.LZZZZZZZ.jpg,0,18
0440175933,Shattered Moon,http://images.amazon.com/images/P/0440175933.01.LZZZZZZZ.jpg,0,18
0515108618,Come Spring,http://images.amazon.com/images/P/0515108618.01.LZZZZZZZ.jpg,0,18
0345413350,"The Golden Compass (His Dark Materials, Book 1)",http://images.amazon.com/images/P/0345413350.01.LZZZZZZZ.jpg,0,18
0312982119,Catilina's Riddle : A Novel of Ancient Rome (Roma Sub Rosa),http://images.amazon.com/images/P/0312982119.01.LZZZZZZZ.jpg,0,18
0385265700,The Book of Ruth (Oprah's Book Club (Paperback)),http://images.amazon.com/images/P/0385265700.01.LZZZZZZZ.jpg,0,19
0515118249,The Cat Who Blew the Whistle,http://images.amazon.com/images/P/0515118249.01.LZZZZZZZ.jpg,0,19
0800713435,Grandparents Can,http://images.amazon.com/images/P/0800713435.01.LZZZZZZZ.jpg,0,19
0843108134,Mr. Happy (Mr. Men Books),http://images.amazon.com/images/P/0843108134.01.LZZZZZZZ.jpg,0,19
067174884X,The CANNIBAL QUEEN,http://images.amazon.com/images/P/067174884X.01.LZZZZZZZ.jpg,0,19
0553213377,The Three Musketeers (Bantam Classics),http://images.amazon.com/images/P/0553213377.01.LZZZZZZZ.jpg,4,19
0671868314,The Betrayal (The Fear Street Saga 1),http://images.amazon.com/images/P/0671868314.01.LZZZZZZZ.jpg,0,19
1400031354,Tears of the Giraffe (No.1 Ladies Detective Agency),http://images.amazon.com/images/P/1400031354.01.LZZZZZZZ.jpg,0,19
0312970234,Incident at Twenty-Mile,http://images.amazon.com/images/P/0312970234.01.LZZZZZZZ.jpg,0,19
0671793489,All Around the Town,http://images.amazon.com/images/P/0671793489.01.LZZZZZZZ.jpg,0,19
1573228214,High Fidelity,http://images.amazon.com/images/P/1573228214.01.LZZZZZZZ.jpg,0,19
0883681897,How to Be the Happy Wife of an Unsaved Husband,http://images.amazon.com/images/P/0883681897.01.LZZZZZZZ.jpg,0,19
0679450718,Everyone Is Entitled to My Opinion,http://images.amazon.com/images/P/0679450718.01.LZZZZZZZ.jpg,0,19
0515133302,Hemlock Bay,http://images.amazon.com/images/P/0515133302.01.LZZZZZZZ.jpg,0,19
0451409450,Darkness Bound,http://images.amazon.com/images/P/0451409450.01.LZZZZZZZ.jpg,0,19
0849952980,Life Lessons: Book Of Psalms,http://images.amazon.com/images/P/0849952980.01.LZZZZZZZ.jpg,0,19
1584854235,Meet Kaya: An American Girl (American Girls Collection (Paper)),http://images.amazon.com/images/P/1584854235.01.LZZZZZZZ.jpg,0,19
0375724370,Anil's Ghost (Vintage International),http://images.amazon.com/images/P/0375724370.01.LZZZZZZZ.jpg,0,19
0553580531,Gates of Fire: An Epic Novel of the Battle of Thermopylae,http://images.amazon.com/images/P/0553580531.01.LZZZZZZZ.jpg,0,20
0586071105,Foundation and Earth,http://images.amazon.com/images/P/0586071105.01.LZZZZZZZ.jpg,0,20
0789415143,My First Word Board Book (My First Word Books),http://images.amazon.com/images/P/0789415143.01.LZZZZZZZ.jpg,0,20
0345337662,Interview with the Vampire,http://images.amazon.com/images/P/0345337662.01.LZZZZZZZ.jpg,0,20
0743444329,Geisha : A Life,http://images.amazon.com/images/P/0743444329.01.LZZZZZZZ.jpg,0,20
0312381859,A History of Pi,http://images.amazon.com/images/P/0312381859.01.LZZZZZZZ.jpg,0,20
0671701258,RULING PASSION,http://images.amazon.com/images/P/0671701258.01.LZZZZZZZ.jpg,0,20
0894800159,What to Eat When You're Expecting,http://images.amazon.com/images/P/0894800159.01.LZZZZZZZ.jpg,0,20
0553569163,My Guardian Angel,http://images.amazon.com/images/P/0553569163.01.LZZZZZZZ.jpg,0,20
0061056243,Antibodies (The X-Files),http://images.amazon.com/images/P/0061056243.01.LZZZZZZZ.jpg,0,20
0842329129,Left Behind: A Novel of the Earth's Last Days (Left Behind No. 1),http://images.amazon.com/images/P/0842329129.01.LZZZZZZZ.jpg,0,20
0307487210,Mama D's Homestyle Italian Cookbook,http://images.amazon.com/images/P/0307487210.01.LZZZZZZZ.jpg,0,20
0671789422,Possessing the Secret of Joy,http://images.amazon.com/images/P/0671789422.01.LZZZZZZZ.jpg,0,20
0440225825,Move to Strike,http://images.amazon.com/images/P/0440225825.01.LZZZZZZZ.jpg,0,20
0070680396,"What to Say When. . .You're Dying on the Platform: A Complete Resource for Speakers, Trainers, and Executives",http://images.amazon.com/images/P/0070680396.01.LZZZZZZZ.jpg,0,20
0553560115,"Soccer Star (Choose Your Own Adventure, No 146)",http://images.amazon.com/images/P/0553560115.01.LZZZZZZZ.jpg,0,20
067976397X,Corelli's Mandolin : A Novel,http://images.amazon.com/images/P/067976397X.01.LZZZZZZZ.jpg,0,20
0471898503,Physics,http://images.amazon.com/images/P/0471898503.01.LZZZZZZZ.jpg,4,20
0861711777,Blue Jean Buddha : Voices of Young Buddhists,http://images.amazon.com/images/P/0861711777.01.LZZZZZZZ.jpg,0,21
091656701X,Nature's America,http://images.amazon.com/images/P/091656701X.01.LZZZZZZZ.jpg,0,21
0752825410,Barking!: A Grace Smith Investigation,http://images.amazon.com/images/P/0752825410.01.LZZZZZZZ.jpg,0,21
0439286034,Tangerine,http://images.amazon.com/images/P/0439286034.01.LZZZZZZZ.jpg,0,21
0312272782,This Is Graceanne's Book : A Novel,http://images.amazon.com/images/P/0312272782.01.LZZZZZZZ.jpg,0,21
051722108X,The Adventures of Tom Sawyer (Illustrated Library for Children),http://images.amazon.com/images/P/051722108X.01.LZZZZZZZ.jpg,0,21
0836217012,Cows Of Our Planet (Far Side Series),http://images.amazon.com/images/P/0836217012.01.LZZZZZZZ.jpg,0,21
0786004509,All Fall Down,http://images.amazon.com/images/P/0786004509.01.LZZZZZZZ.jpg,0,21
0345351525,The Queen of the Damned (Vampire Chronicles (Paperback)),http://images.amazon.com/images/P/0345351525.01.LZZZZZZZ.jpg,0,21
0156027461,House Under Snow (Harvest Book),http://images.amazon.com/images/P/0156027461.01.LZZZZZZZ.jpg,0,21
0064472264,"On the Bright Side, I'm Now the Girlfriend of a Sex God: Further Confessions of Georgia Nicolson",http://images.amazon.com/images/P/0064472264.01.LZZZZZZZ.jpg,0,21
039484825X,"The Tooth Book (A Bright & Early Book, No. 25)",http://images.amazon.com/images/P/039484825X.01.LZZZZZZZ.jpg,0,21
0679732349,Chilly Scenes of Winter (Vintage Contemporaries),http://images.amazon.com/images/P/0679732349.01.LZZZZZZZ.jpg,0,21
0689818661,Stinky Bugs (Bugs in a Box Books),http://images.amazon.com/images/P/0689818661.01.LZZZZZZZ.jpg,0,21
0425083837,The Hunt for Red October,http://images.amazon.com/images/P/0425083837.01.LZZZZZZZ.jpg,0,21
1558745157,The Lost Boy: A Foster Child's Search for the Love of a Family,http://images.amazon.com/images/P/1558745157.01.LZZZZZZZ.jpg,0,21
0373218966,Sullivan's Woman (Silhouette Single Title),http://images.amazon.com/images/P/0373218966.01.LZZZZZZZ.jpg,5,21
0380723085,Durable Goods,http://images.amazon.com/images/P/0380723085.01.LZZZZZZZ.jpg,4,21
0446518581,Border Music,http://images.amazon.com/images/P/0446518581.01.LZZZZZZZ.jpg,0,22
0451207343,Taste of Honey: A Carson Springs Novel,http://images.amazon.com/images/P/0451207343.01.LZZZZZZZ.jpg,0,22
0345339495,Nerilka's Story (Dragonriders of Pern (Paperback)),http://images.amazon.com/images/P/0345339495.01.LZZZZZZZ.jpg,0,22
1555135153,"The Mystery of the Silver Dolphin (Murphy, Elspeth Campbell. Ten Commandments Mysteries.)",http://images.amazon.com/images/P/1555135153.01.LZZZZZZZ.jpg,0,22
059044932X,Bunny Runs Away (School Friends Series),http://images.amazon.com/images/P/059044932X.01.LZZZZZZZ.jpg,4,22
037379035X,"BODY CONTACT (Blaze, 31)",http://images.amazon.com/images/P/037379035X.01.LZZZZZZZ.jpg,0,22
0440236401,The Temptress (The Bride Quest),http://images.amazon.com/images/P/0440236401.01.LZZZZZZZ.jpg,0,22
0373226675,"From The Shadows  (43 Light Street) (Harlequin Intrigue Series, 667)",http://images.amazon.com/images/P/0373226675.01.LZZZZZZZ.jpg,0,22
0451410815,The Man With a Load of Mischief (Richard Jury Novels),http://images.amazon.com/images/P/0451410815.01.LZZZZZZZ.jpg,0,22
0843946156,Regeneration,http://images.amazon.com/images/P/0843946156.01.LZZZZZZZ.jpg,0,22
0670894494,The Passion of Artemisia,http://images.amazon.com/images/P/0670894494.01.LZZZZZZZ.jpg,0,22
0743467523,Dreamcatcher,http://images.amazon.com/images/P/0743467523.01.LZZZZZZZ.jpg,0,22
0425098605,The Vision,http://images.amazon.com/images/P/0425098605.01.LZZZZZZZ.jpg,0,22
0679783318,Middlemarch (Modern Library Paperback Classics),http://images.amazon.com/images/P/0679783318.01.LZZZZZZZ.jpg,0,22
1562010719,Shades of Singapore: Sister Sarah Balfour's Memoirs of Judicial Caning in South Africa,http://images.amazon.com/images/P/1562010719.01.LZZZZZZZ.jpg,0,22
0380756269,Man of My Dreams (Sherring Cross (Paperback)),http://images.amazon.com/images/P/0380756269.01.LZZZZZZZ.jpg,0,22
0684833980,Blue Genes: A Kate Brannigan Mystery (A Scribner Crime Novel),http://images.amazon.com/images/P/0684833980.01.LZZZZZZZ.jpg,0,22
0671039857,The End of the Rainbow (Hudson),http://images.amazon.com/images/P/0671039857.01.LZZZZZZZ.jpg,5,22
0733611168,The full catastrophe,http://images.amazon.com/images/P/0733611168.01.LZZZZZZZ.jpg,0,23
0671660179,CADILLAC JACK,http://images.amazon.com/images/P/0671660179.01.LZZZZZZZ.jpg,0,23
0425031748,Once and Future King,http://images.amazon.com/images/P/0425031748.01.LZZZZZZZ.jpg,0,23
0446609145,Void Moon,http://images.amazon.com/images/P/0446609145.01.LZZZZZZZ.jpg,0,23
0517189186,"The Clan of the Cave Bear (Earth's Children Series , No 1)",http://images.amazon.com/images/P/0517189186.01.LZZZZZZZ.jpg,0,23
0440224675,Hannibal,http://images.amazon.com/images/P/0440224675.01.LZZZZZZZ.jpg,0,23
0345435249,Darwin's Radio,http://images.amazon.com/images/P/0345435249.01.LZZZZZZZ.jpg,0,23
0140196099,Who Are You?: 101 Ways of Seeing Yourself,http://images.amazon.com/images/P/0140196099.01.LZZZZZZZ.jpg,0,23
0671740504,DEVIL IN A BLUE DRESS : An Easy Rawlins Mystery (Easy Rawlins Mysteries (Paperback)),http://images.amazon.com/images/P/0671740504.01.LZZZZZZZ.jpg,0,23
1853260134,Tales of Mystery and Imagination (Classics Library (NTC)),http://images.amazon.com/images/P/1853260134.01.LZZZZZZZ.jpg,0,23
044022165X,The Rainmaker,http://images.amazon.com/images/P/044022165X.01.LZZZZZZZ.jpg,0,23
0373871562,Twin Blessings (Love Inspired (Numbered)),http://images.amazon.com/images/P/0373871562.01.LZZZZZZZ.jpg,4,23
0752847775,"Asterix and the Secret Weapon (Uderzo. Asterix Adventure, 29.)",http://images.amazon.com/images/P/0752847775.01.LZZZZZZZ.jpg,0,23
0061051578,The Fifth Elephant: A Novel of Discworld,http://images.amazon.com/images/P/0061051578.01.LZZZZZZZ.jpg,0,23
0425185249,Death a L'Orange,http://images.amazon.com/images/P/0425185249.01.LZZZZZZZ.jpg,0,23
0373223536,"Outlawed! (Dangerous Men) (Harlequin Intrigue, No 353)",http://images.amazon.com/images/P/0373223536.01.LZZZZZZZ.jpg,0,23
0440222842,Five Days in Paris,http://images.amazon.com/images/P/0440222842.01.LZZZZZZZ.jpg,0,23
0312969937,Vespers,http://images.amazon.com/images/P/0312969937.01.LZZZZZZZ.jpg,3,23
0385491808,Crooked Little Heart,http://images.amazon.com/images/P/0385491808.01.LZZZZZZZ.jpg,0,24
0670837652,Privileged Information,http://images.amazon.com/images/P/0670837652.01.LZZZZZZZ.jpg,0,24
055327418X,"Startide Rising (The Uplift Saga, Book 2)",http://images.amazon.com/images/P/055327418X.01.LZZZZZZZ.jpg,0,24
0440222656,The Horse Whisperer,http://images.amazon.com/images/P/0440222656.01.LZZZZZZZ.jpg,0,24
0812566793,Maelstrom (Rifters),http://images.amazon.com/images/P/0812566793.01.LZZZZZZZ.jpg,0,24
0345388593,Angel,http://images.amazon.com/images/P/0345388593.01.LZZZZZZZ.jpg,4,24
0140067477,The Tao of Pooh,http://images.amazon.com/images/P/0140067477.01.LZZZZZZZ.jpg,0,24
0425140601,Forever and the Night,http://images.amazon.com/images/P/0425140601.01.LZZZZZZZ.jpg,0,24
0394577892,Russia House,http://images.amazon.com/images/P/0394577892.01.LZZZZZZZ.jpg,0,24
0871137240,The Road Home,http://images.amazon.com/images/P/0871137240.01.LZZZZZZZ.jpg,0,24
0446519537,Superstitious,http://images.amazon.com/images/P/0446519537.01.LZZZZZZZ.jpg,0,24
0312194404,Bachelor Brothers' Bed & Breakfast Pillow Book : They're back!,http://images.amazon.com/images/P/0312194404.01.LZZZZZZZ.jpg,0,24
0812522729,Children of the Night: A Diana Tregarde Investigation,http://images.amazon.com/images/P/0812522729.01.LZZZZZZZ.jpg,0,24
0679759328,Hotel Du Lac (Vintage Contemporaries),http://images.amazon.com/images/P/0679759328.01.LZZZZZZZ.jpg,0,24
0425178102,Big Trouble,http://images.amazon.com/images/P/0425178102.01.LZZZZZZZ.jpg,0,24
0451146425,Lie Down With Lions,http://images.amazon.com/images/P/0451146425.01.LZZZZZZZ.jpg,0,24
0312964781,A Price for Everything (Rosamunde Pilcher's Book Shelf),http://images.amazon.com/images/P/0312964781.01.LZZZZZZZ.jpg,0,24
0764227173,The Covenant (Abram's Daughters),http://images.amazon.com/images/P/0764227173.01.LZZZZZZZ.jpg,5,24
019275114X,Tales from Wales (Oxford Myths & Legends),http://images.amazon.com/images/P/019275114X.01.LZZZZZZZ.jpg,0,25
0765343800,Louisiana Bigshot : A Talba Wallis Novel (Talba Wallis),http://images.amazon.com/images/P/0765343800.01.LZZZZZZZ.jpg,0,25
0590187244,The Magic School Bus in the Arctic: A Book About Heat (Magic School Bus (Hardcover)),http://images.amazon.com/images/P/0590187244.01.LZZZZZZZ.jpg,0,25
0740704818,The Blue Day Book,http://images.amazon.com/images/P/0740704818.01.LZZZZZZZ.jpg,0,25
0890876789,Inspiration Sandwich: Stories to Inspire Our Creative Freedom,http://images.amazon.com/images/P/0890876789.01.LZZZZZZZ.jpg,0,25
0670836451,Darcy's Utopia,http://images.amazon.com/images/P/0670836451.01.LZZZZZZZ.jpg,4,25
0027477126,Return to Morocco,http://images.amazon.com/images/P/0027477126.01.LZZZZZZZ.jpg,0,25
0971116288,Oogie Boogie Central,http://images.amazon.com/images/P/0971116288.01.LZZZZZZZ.jpg,0,25
038530448X,Walking the Trail: One Man's Journey Along the Cherokee Trail of Tears,http://images.amazon.com/images/P/038530448X.01.LZZZZZZZ.jpg,0,25
0821751263,An Angel's Touch,http://images.amazon.com/images/P/0821751263.01.LZZZZZZZ.jpg,0,25
068931177X,The Case of the Indian Curse,http://images.amazon.com/images/P/068931177X.01.LZZZZZZZ.jpg,0,25
0812500482,The Eye of the World : Book One of 'The Wheel of Time' (Wheel of Time),http://images.amazon.com/images/P/0812500482.01.LZZZZZZZ.jpg,0,25
0821767852,Yesterday,http://images.amazon.com/images/P/0821767852.01.LZZZZZZZ.jpg,0,25
0441653049,The Past Through Tomorrow,http://images.amazon.com/images/P/0441653049.01.LZZZZZZZ.jpg,0,25
0380599236,Spring Moon: A Novel of China,http://images.amazon.com/images/P/0380599236.01.LZZZZZZZ.jpg,0,25
0767904133,Close to Shore: A True Story of Terror in an Age of Innocence,http://images.amazon.com/images/P/0767904133.01.LZZZZZZZ.jpg,0,25
0399143904,Rainbow Six,http://images.amazon.com/images/P/0399143904.01.LZZZZZZZ.jpg,0,25
0786866020,Fish! A Remarkable Way to Boost Morale and Improve Results,http://images.amazon.com/images/P/0786866020.01.LZZZZZZZ.jpg,5,25
0394561619,Love in the Time of Cholera,http://images.amazon.com/images/P/0394561619.01.LZZZZZZZ.jpg,0,26
0425163407,Unnatural Exposure,http://images.amazon.com/images/P/0425163407.01.LZZZZZZZ.jpg,0,26
0425168468,Practical Magic,http://images.amazon.com/images/P/0425168468.01.LZZZZZZZ.jpg,0,26
1853260622,War and Peace (Wordsworth Classics),http://images.amazon.com/images/P/1853260622.01.LZZZZZZZ.jpg,0,26
0813510414,East Lynne,http://images.amazon.com/images/P/0813510414.01.LZZZZZZZ.jpg,0,26
0385508042,The King of Torts,http://images.amazon.com/images/P/0385508042.01.LZZZZZZZ.jpg,4,26
1575663554,Murder on 34th Street,http://images.amazon.com/images/P/1575663554.01.LZZZZZZZ.jpg,0,26
0886776341,The Glass Dragon (Dragon Nimbus),http://images.amazon.com/images/P/0886776341.01.LZZZZZZZ.jpg,0,26
1582432554,Why Did I Ever,http://images.amazon.com/images/P/1582432554.01.LZZZZZZZ.jpg,0,26
1575661489,Princess Charming,http://images.amazon.com/images/P/1575661489.01.LZZZZZZZ.jpg,0,26
0440193613,Wanderlust,http://images.amazon.com/images/P/0440193613.01.LZZZZZZZ.jpg,0,26
0874065151,"Scariest Stories You've Ever Heard, Part III",http://images.amazon.com/images/P/0874065151.01.LZZZZZZZ.jpg,0,26
038000772X,I'm Ok-You're Ok,http://images.amazon.com/images/P/038000772X.01.LZZZZZZZ.jpg,0,26
0345420748,While I Was Gone,http://images.amazon.com/images/P/0345420748.01.LZZZZZZZ.jpg,0,26
0689817215,The View from Saturday (Jean Karl Books (Paperback)),http://images.amazon.com/images/P/0689817215.01.LZZZZZZZ.jpg,0,26
0380796104,Lucy Sullivan Is Getting Married,http://images.amazon.com/images/P/0380796104.01.LZZZZZZZ.jpg,0,26
0345337662,Interview with the Vampire,http://images.amazon.com/images/P/0345337662.01.LZZZZZZZ.jpg,0,26
0679725229,Ada or Ardor a Family Chronicle (Vintage International),http://images.amazon.com/images/P/0679725229.01.LZZZZZZZ.jpg,5,26
0373262302,Concrete Pillow,http://images.amazon.com/images/P/0373262302.01.LZZZZZZZ.jpg,0,27
0441002919,Branch Point,http://images.amazon.com/images/P/0441002919.01.LZZZZZZZ.jpg,0,27
0449911446,Before Women Had Wings (Ballantine Reader's Circle),http://images.amazon.com/images/P/0449911446.01.LZZZZZZZ.jpg,0,27
0385313861,Going Native,http://images.amazon.com/images/P/0385313861.01.LZZZZZZZ.jpg,0,27
0515114499,The Wyndham Legacy,http://images.amazon.com/images/P/0515114499.01.LZZZZZZZ.jpg,0,27
0486287564,"\Miniver Cheevy\"" and Other Poems (Dover Thrift Editions)""",http://images.amazon.com/images/P/0486287564.01.LZZZZZZZ.jpg,4,27
0385605145,Bill Bryson African Diary,http://images.amazon.com/images/P/0385605145.01.LZZZZZZZ.jpg,0,27
1590520335,The Breaking Point,http://images.amazon.com/images/P/1590520335.01.LZZZZZZZ.jpg,0,27
0373169736,"Taking Over the Tycoon: The Deveraux Legacy (Harlequin American Romance, No 973)",http://images.amazon.com/images/P/0373169736.01.LZZZZZZZ.jpg,0,27
0060955775,Veronika Decides to Die,http://images.amazon.com/images/P/0060955775.01.LZZZZZZZ.jpg,0,27
0393320464,"Fearless Girls, Wise Women, and Beloved Sisters: Heroines in Folktales from Around the World",http://images.amazon.com/images/P/0393320464.01.LZZZZZZZ.jpg,0,27
0590477412,"Deep Trouble (Goosebumps, No 19)",http://images.amazon.com/images/P/0590477412.01.LZZZZZZZ.jpg,0,27
0809039435,Dogs and Demons: Tales from the Dark Side of Modern Japan,http://images.amazon.com/images/P/0809039435.01.LZZZZZZZ.jpg,0,27
0140042520,Dharma Bums,http://images.amazon.com/images/P/0140042520.01.LZZZZZZZ.jpg,0,27
0373027842,"Tiger'S Cage (Harlequin Romance, No 2784)",http://images.amazon.com/images/P/0373027842.01.LZZZZZZZ.jpg,0,27
0399145885,Atlantis Found (Dirk Pitt Adventures (Hardcover)),http://images.amazon.com/images/P/0399145885.01.LZZZZZZZ.jpg,0,27
0060543132,England's Perfect Hero,http://images.amazon.com/images/P/0060543132.01.LZZZZZZZ.jpg,0,27
0440508541,Lea's Book of Rules for the World,http://images.amazon.com/images/P/0440508541.01.LZZZZZZZ.jpg,5,27
0060534044,Kisscut,http://images.amazon.com/images/P/0060534044.01.LZZZZZZZ.jpg,0,28
0312977689,Deadly Pleasure,http://images.amazon.com/images/P/0312977689.01.LZZZZZZZ.jpg,0,28
0679457313,The God of Small Things,http://images.amazon.com/images/P/0679457313.01.LZZZZZZZ.jpg,0,28
0684852926,The Devil's Teardrop : A Novel of the Last Night of the Century (Lincoln Rhyme Novels (Hardcover)),http://images.amazon.com/images/P/0684852926.01.LZZZZZZZ.jpg,0,28
0671741195,The Cradle Will Fall,http://images.amazon.com/images/P/0671741195.01.LZZZZZZZ.jpg,0,28
0723236186,The Complete Tales of Beatrix Potter,http://images.amazon.com/images/P/0723236186.01.LZZZZZZZ.jpg,4,28
0590250809,"The Biker (Nightmare Hall, No 24)",http://images.amazon.com/images/P/0590250809.01.LZZZZZZZ.jpg,0,28
0312020309,All Things Bright and Beautiful,http://images.amazon.com/images/P/0312020309.01.LZZZZZZZ.jpg,0,28
0060502258,The Divine Secrets of the Ya-Ya Sisterhood: A Novel,http://images.amazon.com/images/P/0060502258.01.LZZZZZZZ.jpg,0,28
0807554979,The Mystery of the Spider's Clue (Boxcar Children Mysteries),http://images.amazon.com/images/P/0807554979.01.LZZZZZZZ.jpg,0,28
0671867113,Moonlight Becomes You,http://images.amazon.com/images/P/0671867113.01.LZZZZZZZ.jpg,0,28
0140235248,Circle of Women: An Anthology of Contemporary Western Women Writers,http://images.amazon.com/images/P/0140235248.01.LZZZZZZZ.jpg,0,28
0446610038,1st to Die: A Novel,http://images.amazon.com/images/P/0446610038.01.LZZZZZZZ.jpg,0,28
0440402255,"Too Cute for Words (Pen Pals, No 2)",http://images.amazon.com/images/P/0440402255.01.LZZZZZZZ.jpg,0,28
0440224705,Hard Time (V.I. Warshawski Novels (Paperback)),http://images.amazon.com/images/P/0440224705.01.LZZZZZZZ.jpg,0,28
0140065059,High Spirits,http://images.amazon.com/images/P/0140065059.01.LZZZZZZZ.jpg,0,28
0141001828,In the Heart of the Sea: The Tragedy of the Whaleship Essex,http://images.amazon.com/images/P/0141001828.01.LZZZZZZZ.jpg,0,28
0553569155,Seinlanguage,http://images.amazon.com/images/P/0553569155.01.LZZZZZZZ.jpg,5,28
0679751319,Dead Man Walking: An Eyewitness Account of the Death Penalty in the United States,http://images.amazon.com/images/P/0679751319.01.LZZZZZZZ.jpg,0,29
1931484155,Sojourn v. 1: From the Ashes,http://images.amazon.com/images/P/1931484155.01.LZZZZZZZ.jpg,0,29
0743224574,A Beautiful Mind: The Life of Mathematical Genius and Nobel Laureate John Nash,http://images.amazon.com/images/P/0743224574.01.LZZZZZZZ.jpg,0,29
0590446495,Of Men and War,http://images.amazon.com/images/P/0590446495.01.LZZZZZZZ.jpg,0,29
0375405828,"England, England",http://images.amazon.com/images/P/0375405828.01.LZZZZZZZ.jpg,0,29
0373250142,Dating Without Novocaine (Red Dress Ink),http://images.amazon.com/images/P/0373250142.01.LZZZZZZZ.jpg,4,29
0061040347,A Woman Betrayed,http://images.amazon.com/images/P/0061040347.01.LZZZZZZZ.jpg,0,29
3612275127,Die Musik Der Wale,http://images.amazon.com/images/P/3612275127.01.LZZZZZZZ.jpg,0,29
0345389417,Servant of the Bones,http://images.amazon.com/images/P/0345389417.01.LZZZZZZZ.jpg,0,29
0061020680,Mort (Discworld Novels (Paperback)),http://images.amazon.com/images/P/0061020680.01.LZZZZZZZ.jpg,0,29
051756064X,Legacy,http://images.amazon.com/images/P/051756064X.01.LZZZZZZZ.jpg,0,29
0814476740,How to Deal With Difficult People (Successful Office Skills Series),http://images.amazon.com/images/P/0814476740.01.LZZZZZZZ.jpg,0,29
0671682288,WISDOM OF FLORENCE SCOVEL SHINN,http://images.amazon.com/images/P/0671682288.01.LZZZZZZZ.jpg,0,29
0880382546,"The Soulforge (Advanced Dungeons and Dragons Adventure Gamebook, No 4)",http://images.amazon.com/images/P/0880382546.01.LZZZZZZZ.jpg,0,29
0139617159,Dear Wit: Letters from the World's Wits,http://images.amazon.com/images/P/0139617159.01.LZZZZZZZ.jpg,0,29
0425140601,Forever and the Night,http://images.amazon.com/images/P/0425140601.01.LZZZZZZZ.jpg,0,29
0446520659,The Lion's Game,http://images.amazon.com/images/P/0446520659.01.LZZZZZZZ.jpg,0,29
0312971346,High Five (A Stephanie Plum Novel),http://images.amazon.com/images/P/0312971346.01.LZZZZZZZ.jpg,5,29
0671477250,Sex Tips For Girls,http://images.amazon.com/images/P/0671477250.01.LZZZZZZZ.jpg,0,30
1858287200,The Rough Guide to Venice and the Vento (Rough Guide Venice),http://images.amazon.com/images/P/1858287200.01.LZZZZZZZ.jpg,0,30
0393323730,Can Love Last?: The Fate of Romance over Time,http://images.amazon.com/images/P/0393323730.01.LZZZZZZZ.jpg,0,30
0671027506,"Sons of Entropy  (Buffy the Vampire Slayer: The Gatekeeper Trilogy, Book 3)",http://images.amazon.com/images/P/0671027506.01.LZZZZZZZ.jpg,0,30
0806961198,Baffling Whodunit Puzzles: Dr. Quicksolve Mini-Mysteries,http://images.amazon.com/images/P/0806961198.01.LZZZZZZZ.jpg,0,30
0345325680,The Good War: An Oral History of World War Two,http://images.amazon.com/images/P/0345325680.01.LZZZZZZZ.jpg,0,30
0140048634,Candleshoe,http://images.amazon.com/images/P/0140048634.01.LZZZZZZZ.jpg,0,30
0451172434,Basic Instinct,http://images.amazon.com/images/P/0451172434.01.LZZZZZZZ.jpg,0,30
1557043000,Dead Man Walking: The Shooting Script (A Newmarket Shooting Script Series Book),http://images.amazon.com/images/P/1557043000.01.LZZZZZZZ.jpg,0,30
0672515555,The Female Experience: An American Documentary (The American heritage series),http://images.amazon.com/images/P/0672515555.01.LZZZZZZZ.jpg,0,30
0670891819,Legacy of Love,http://images.amazon.com/images/P/0670891819.01.LZZZZZZZ.jpg,0,30
0761563733,The New Thought Police : Inside the Left's Assault on Free Speech and Free Minds,http://images.amazon.com/images/P/0761563733.01.LZZZZZZZ.jpg,4,30
0312970048,Zero Option,http://images.amazon.com/images/P/0312970048.01.LZZZZZZZ.jpg,0,30
0330487612,Bridget Jones' Diary (Film Tie-in),http://images.amazon.com/images/P/0330487612.01.LZZZZZZZ.jpg,0,30
0440236673,The Brethren,http://images.amazon.com/images/P/0440236673.01.LZZZZZZZ.jpg,0,30
0373709404,"Newcomer (Crystal Creek) (Superromance, 940)",http://images.amazon.com/images/P/0373709404.01.LZZZZZZZ.jpg,0,30
0671756443,NEON RAIN : A Dave Robicheaux Novel,http://images.amazon.com/images/P/0671756443.01.LZZZZZZZ.jpg,0,30
0140055665,Bridgeport Bus,http://images.amazon.com/images/P/0140055665.01.LZZZZZZZ.jpg,5,30
038072121X,In the Electric Mist with Confederate Dead,http://images.amazon.com/images/P/038072121X.01.LZZZZZZZ.jpg,0,31
0425174107,"Mom, Apple Pie, and Murder (Prime Crime Mysteries)",http://images.amazon.com/images/P/0425174107.01.LZZZZZZZ.jpg,0,31
0671023241,TIME ON MY HANDS,http://images.amazon.com/images/P/0671023241.01.LZZZZZZZ.jpg,0,31
0312980124,The Gardens of Covington : A Novel (Covington),http://images.amazon.com/images/P/0312980124.01.LZZZZZZZ.jpg,0,31
0425173631,Witness in Death (Eve Dallas Mysteries (Paperback)),http://images.amazon.com/images/P/0425173631.01.LZZZZZZZ.jpg,0,31
0553119303,Dandelion Wine,http://images.amazon.com/images/P/0553119303.01.LZZZZZZZ.jpg,4,31
0671748939,"FIRST, KILL ALL THE LAWYERS : FIRST, KILL ALL THE LAWYERS",http://images.amazon.com/images/P/0671748939.01.LZZZZZZZ.jpg,0,31
1559587032,101 Best Home-Based Businesses for Women,http://images.amazon.com/images/P/1559587032.01.LZZZZZZZ.jpg,0,31
0812507541,Summer of the Dragon,http://images.amazon.com/images/P/0812507541.01.LZZZZZZZ.jpg,0,31
0345361792,A Prayer for Owen Meany,http://images.amazon.com/images/P/0345361792.01.LZZZZZZZ.jpg,0,31
0380732289,The China Garden,http://images.amazon.com/images/P/0380732289.01.LZZZZZZZ.jpg,0,31
039913039X,Skeleton Crew,http://images.amazon.com/images/P/039913039X.01.LZZZZZZZ.jpg,5,31
0060509066,The Birthday of the World : And Other Stories,http://images.amazon.com/images/P/0060509066.01.LZZZZZZZ.jpg,0,31
034545281X,The Pig Who Sang to the Moon : The Emotional World of Farm Animals,http://images.amazon.com/images/P/034545281X.01.LZZZZZZZ.jpg,0,31
0140232028,The Buccaneers (Penguin Great Books of the 20th Century),http://images.amazon.com/images/P/0140232028.01.LZZZZZZZ.jpg,0,31
0061052787,Independence Day: Silent Zone,http://images.amazon.com/images/P/0061052787.01.LZZZZZZZ.jpg,0,31
0812563115,Great Expectations,http://images.amazon.com/images/P/0812563115.01.LZZZZZZZ.jpg,0,31
0374121230,Child of My Heart,http://images.amazon.com/images/P/0374121230.01.LZZZZZZZ.jpg,0,31
